{"cameraMode":{"drawMode":0,"name":"Shaded","section":"Shading Mode"},"sceneLighting":true,"audioPlay":false,"sceneViewState":{"showFog":false,"showMaterialUpdate":false,"showSkybox":false,"showFlares":false,"showImageEffects":false,"showParticleSystems":false},"in2DMode":false,"pivot":{"x":166.66871643066407,"y":26.345718383789064,"z":3.165771484375},"rotation":{"x":0.08120904862880707,"y":-0.016449423506855966,"z":0.001340402290225029,"w":0.9965612292289734},"size":555.8646850585938,"orthographic":false}